{"stats":{"minecraft:broken":{"minecraft:iron_axe":21,"minecraft:wooden_axe":50},"minecraft:mined":{"minecraft:oak_sapling":3,"minecraft:dark_oak_fence":21,"minecraft:smooth_stone":57,"minecraft:furnace":2,"minecraft:iron_ore":156,"minecraft:stone":161,"minecraft:crafting_table":2,"minecraft:glass":1,"minecraft:coarse_dirt":6,"minecraft:oak_log":79,"minecraft:oak_leaves":9,"minecraft:infested_stone":7},"minecraft:custom":{"minecraft:mob_kills":87,"minecraft:animals_bred":1,"minecraft:inspect_hopper":6,"minecraft:interact_with_crafting_table":62,"minecraft:open_barrel":8,"minecraft:open_shulker_box":94,"minecraft:bell_ring":60,"minecraft:leave_game":56,"minecraft:time_since_death":2084,"minecraft:climb_one_cm":8535,"minecraft:sprint_one_cm":2249232,"minecraft:walk_one_cm":4114119,"minecraft:drop":123,"minecraft:talked_to_villager":148,"minecraft:deaths":5,"minecraft:sneak_time":61308,"minecraft:walk_under_water_one_cm":24930,"minecraft:jump":13106,"minecraft:interact_with_brewingstand":21,"minecraft:walk_on_water_one_cm":10156,"minecraft:interact_with_furnace":37,"minecraft:traded_with_villager":19,"minecraft:tune_noteblock":3,"minecraft:play_one_minute":2486576,"minecraft:pot_flower":7,"minecraft:time_since_rest":2110,"minecraft:damage_taken":3360,"minecraft:trigger_trapped_chest":147,"minecraft:damage_dealt":11818,"minecraft:swim_one_cm":6418,"minecraft:fly_one_cm":11171846,"minecraft:open_chest":113,"minecraft:crouch_one_cm":119670,"minecraft:fall_one_cm":36686,"minecraft:horse_one_cm":6189},"minecraft:crafted":{"minecraft:oak_planks":148,"minecraft:stone_shovel":6,"minecraft:furnace":6,"minecraft:iron_axe":18,"minecraft:stone_pickaxe":6,"minecraft:ender_eye":3,"minecraft:crafting_table":5,"minecraft:wooden_pickaxe":6,"minecraft:golden_pickaxe":3,"minecraft:conduit":3,"minecraft:stone_axe":3,"minecraft:knowledge_book":11,"minecraft:air":0,"minecraft:stick":100,"minecraft:iron_ingot":57,"minecraft:iron_pickaxe":1,"minecraft:stone_sword":2},"minecraft:used":{"minecraft:armor_stand":1,"minecraft:oak_trapdoor":1,"minecraft:iron_bars":4,"minecraft:dead_horn_coral_block":427,"minecraft:nether_brick_fence":7,"minecraft:dead_tube_coral_block":312,"minecraft:stone_sword":9,"minecraft:enchanting_table":1,"minecraft:dispenser":2,"minecraft:flint_and_steel":2,"minecraft:carrot_on_a_stick":4,"minecraft:carved_pumpkin":2,"minecraft:red_concrete":6,"minecraft:stone_shovel":7,"minecraft:redstone":605,"minecraft:ladder":7,"minecraft:chest":16,"minecraft:stone":453,"minecraft:bell":2,"minecraft:grass":46,"minecraft:mossy_stone_brick_slab":28,"minecraft:player_head":4,"minecraft:debug_stick":237,"minecraft:orange_bed":2,"minecraft:oak_door":1,"minecraft:torch":2,"minecraft:light_gray_shulker_box":15,"minecraft:mooshroom_spawn_egg":14,"minecraft:brewing_stand":8,"minecraft:dirt":44,"minecraft:anvil":2,"minecraft:hopper":2,"minecraft:cobblestone_wall":132,"minecraft:oak_wood":29,"minecraft:dead_brain_coral_block":535,"minecraft:obsidian":101,"minecraft:andesite_wall":32,"minecraft:dark_oak_planks":273,"minecraft:glass":4,"minecraft:ravager_spawn_egg":4,"minecraft:stone_brick_slab":964,"minecraft:wooden_axe":62,"minecraft:lava_bucket":1,"minecraft:light_gray_stained_glass":6,"minecraft:villager_spawn_egg":3,"minecraft:light_weighted_pressure_plate":6,"minecraft:iron_axe":21,"minecraft:red_wool":24,"minecraft:iron_block":96,"minecraft:lantern":16,"minecraft:grass_block":1119,"minecraft:slime_block":49,"minecraft:green_wool":29,"minecraft:spawner":10,"minecraft:chicken_spawn_egg":45,"minecraft:dark_oak_wood":154,"minecraft:dark_oak_leaves":69,"minecraft:mossy_cobblestone_slab":320,"minecraft:dark_oak_slab":223,"minecraft:dark_oak_button":23,"minecraft:barrel":1,"minecraft:stone_brick_stairs":169,"minecraft:stone_bricks":8684,"minecraft:item_frame":84,"minecraft:repeater":176,"minecraft:golden_sword":2,"minecraft:red_carpet":31,"minecraft:birch_trapdoor":1,"minecraft:glowstone":3,"minecraft:infested_mossy_stone_bricks":39,"minecraft:redstone_lamp":97,"minecraft:bow":4,"minecraft:hay_block":1,"minecraft:sweet_berries":1,"minecraft:iron_trapdoor":12,"minecraft:dark_oak_pressure_plate":10,"minecraft:oak_sapling":12,"minecraft:furnace":7,"minecraft:gold_block":9,"minecraft:trapped_chest":5,"minecraft:egg":36,"minecraft:stone_pressure_plate":23,"minecraft:observer":77,"minecraft:water_bucket":4,"minecraft:dark_oak_stairs":58,"minecraft:mossy_stone_bricks":759,"minecraft:cow_spawn_egg":1,"minecraft:iron_ore":50,"minecraft:cobblestone_stairs":5,"minecraft:dropper":1,"minecraft:stone_pickaxe":158,"minecraft:polished_andesite":22,"minecraft:infested_stone":15,"minecraft:dark_oak_sign":20,"minecraft:cartography_table":1,"minecraft:spruce_sign":1,"minecraft:wooden_pickaxe":161,"minecraft:mossy_stone_brick_stairs":2,"minecraft:cobblestone_slab":1564,"minecraft:redstone_block":24,"minecraft:fletching_table":1,"minecraft:sheep_spawn_egg":64,"minecraft:structure_void":18,"minecraft:stonecutter":1,"minecraft:gold_ore":17,"minecraft:cracked_stone_bricks":79,"minecraft:oak_leaves":34,"minecraft:dark_oak_trapdoor":10,"minecraft:comparator":23,"minecraft:tnt":4,"minecraft:crafting_table":14,"minecraft:note_block":11,"minecraft:stone_brick_wall":11,"minecraft:redstone_torch":70,"minecraft:sticky_piston":69,"minecraft:piston":6,"minecraft:flower_pot":3,"minecraft:lever":79,"minecraft:black_concrete":49,"minecraft:cornflower":3,"minecraft:daylight_detector":107,"minecraft:dark_oak_log":3,"minecraft:command_block":104,"minecraft:heavy_weighted_pressure_plate":9,"minecraft:stone_button":10,"minecraft:string":5,"minecraft:map":4,"minecraft:barrier":7,"minecraft:pig_spawn_egg":20,"minecraft:lectern":3,"minecraft:stone_slab":11,"minecraft:spruce_sapling":4,"minecraft:stone_axe":28,"minecraft:chiseled_stone_bricks":116,"minecraft:green_carpet":11,"minecraft:diamond_sword":152,"minecraft:zombie_pigman_spawn_egg":11,"minecraft:cobblestone":18,"minecraft:dark_oak_fence":130,"minecraft:smithing_table":3,"minecraft:white_stained_glass":2,"minecraft:chain_command_block":21,"minecraft:repeating_command_block":60,"minecraft:mossy_cobblestone_wall":32,"minecraft:dandelion":3,"minecraft:pillager_spawn_egg":1,"minecraft:coarse_dirt":17,"minecraft:splash_potion":1,"minecraft:bone_meal":97,"minecraft:smooth_stone":152,"minecraft:golden_pickaxe":57},"minecraft:picked_up":{"minecraft:wooden_axe":58,"minecraft:crafting_table":2,"minecraft:coarse_dirt":6,"minecraft:chicken":57,"minecraft:light_gray_shulker_box":2,"minecraft:lead":1,"minecraft:potion":3,"minecraft:knowledge_book":16,"minecraft:item_frame":1816,"minecraft:smooth_stone":57,"minecraft:light_weighted_pressure_plate":1,"minecraft:beef":67,"minecraft:redstone_torch":2,"minecraft:ender_eye":1,"minecraft:poppy":4,"minecraft:chest":1,"minecraft:furnace":2,"minecraft:egg":4,"minecraft:stick":29,"minecraft:note_block":1,"minecraft:porkchop":30,"minecraft:stone_button":1,"minecraft:carrot":64,"minecraft:redstone":32,"minecraft:stone_pressure_plate":2,"minecraft:rotten_flesh":10,"minecraft:saddle":6,"minecraft:blaze_rod":5,"minecraft:mutton":12,"minecraft:white_wool":9,"minecraft:cobblestone":161,"minecraft:feather":51,"minecraft:clock":2,"minecraft:dark_oak_button":2,"minecraft:repeater":6,"minecraft:leather":34,"minecraft:carrot_on_a_stick":25,"minecraft:filled_map":1,"minecraft:birch_planks":1,"minecraft:oak_log":68,"minecraft:stripped_birch_log":1,"minecraft:map":4,"minecraft:dirt":106,"minecraft:lantern":6,"minecraft:glass":1,"minecraft:apple":4,"minecraft:stone_bricks":3,"minecraft:dark_oak_sign":1,"minecraft:iron_ingot":15,"minecraft:oak_fence_gate":1,"minecraft:stone_pickaxe":1,"minecraft:iron_ore":156,"minecraft:oak_planks":14,"minecraft:debug_stick":2,"minecraft:chain_command_block":1,"minecraft:emerald_block":6,"minecraft:sweet_berries":4,"minecraft:daylight_detector":1,"minecraft:sand":2,"minecraft:grass_block":1,"minecraft:slime_ball":13,"minecraft:polished_diorite":1,"minecraft:lever":7,"minecraft:oak_sapling":15,"minecraft:dark_oak_fence":19,"minecraft:hopper":1},"minecraft:killed":{"minecraft:slime":4,"minecraft:chicken":2,"minecraft:husk":11,"minecraft:pig":5,"minecraft:ravager":1,"minecraft:zombie":5,"minecraft:villager":40},"minecraft:dropped":{"minecraft:daylight_detector":1,"minecraft:repeating_command_block":1,"minecraft:birch_planks":1,"minecraft:porkchop":68,"minecraft:clock":2,"minecraft:oak_log":1,"minecraft:crafting_table":1,"minecraft:knowledge_book":2,"minecraft:carrot_on_a_stick":1,"minecraft:grass_block":1,"minecraft:structure_void":1,"minecraft:item_frame":39,"minecraft:stick":10,"minecraft:light_weighted_pressure_plate":1,"minecraft:dark_oak_fence":3,"minecraft:map":6,"minecraft:potion":1,"minecraft:stripped_birch_log":1,"minecraft:smooth_stone":4,"minecraft:paper":8,"minecraft:redstone_block":1,"minecraft:redstone":2,"minecraft:polished_diorite":1,"minecraft:note_block":1,"minecraft:furnace":2,"minecraft:stone_axe":1,"minecraft:emerald_block":7,"minecraft:stone_shovel":1,"minecraft:rotten_flesh":16,"minecraft:oak_planks":12,"minecraft:debug_stick":2,"minecraft:filled_map":2,"minecraft:chiseled_stone_bricks":1,"minecraft:oak_fence_gate":1,"minecraft:hopper":1,"minecraft:oak_sapling":1,"minecraft:stone_pressure_plate":1,"minecraft:stone_bricks":2,"minecraft:glass":1,"minecraft:stone_pickaxe":1,"minecraft:wooden_pickaxe":1},"minecraft:killed_by":{"minecraft:ravager":1}},"DataVersion":1976}