{"stats":{"minecraft:broken":{"minecraft:golden_boots":1,"minecraft:wooden_sword":1,"minecraft:wooden_axe":122,"minecraft:golden_chestplate":1,"minecraft:iron_axe":39},"minecraft:crafted":{"minecraft:smooth_stone":40,"minecraft:oak_planks":376,"minecraft:stone":40,"minecraft:ender_eye":8,"minecraft:crafting_table":12,"minecraft:wooden_pickaxe":13,"minecraft:golden_pickaxe":3,"minecraft:knowledge_book":20,"minecraft:charcoal":4,"minecraft:stick":184,"minecraft:iron_ingot":128,"minecraft:iron_pickaxe":1,"minecraft:stone_sword":2,"minecraft:stone_shovel":12,"minecraft:furnace":12,"minecraft:iron_axe":33,"minecraft:stone_pickaxe":13,"minecraft:conduit":8,"minecraft:stone_axe":4,"minecraft:air":0,"minecraft:gold_nugget":36,"minecraft:iron_shovel":1,"minecraft:crying_obsidian":2},"minecraft:killed":{"minecraft:chicken":10,"minecraft:tropical_fish":9,"minecraft:pig":10,"minecraft:ender_dragon":1,"minecraft:zombie":13,"minecraft:slime":7,"minecraft:horse":3,"minecraft:warden":2,"minecraft:husk":124,"minecraft:ravager":1,"minecraft:villager":121},"minecraft:killed_by":{"minecraft:ravager":1,"minecraft:husk":1},"minecraft:used":{"minecraft:nether_brick_fence":7,"minecraft:iron_shovel":5,"minecraft:light_gray_stained_glass_pane":1,"minecraft:dispenser":2,"minecraft:dead_horn_coral_block":427,"minecraft:carrot_on_a_stick":4,"minecraft:polished_blackstone":71,"minecraft:poppy":1,"minecraft:ladder":7,"minecraft:chest":42,"minecraft:stone":702,"minecraft:bubble_coral":3,"minecraft:bell":2,"minecraft:mossy_stone_brick_slab":32,"minecraft:player_head":4,"minecraft:sculk_sensor":6,"minecraft:spruce_leaves":1,"minecraft:debug_stick":294,"minecraft:mooshroom_spawn_egg":14,"minecraft:soul_sand":3,"minecraft:carrot":7,"minecraft:obsidian":648,"minecraft:polished_blackstone_slab":1,"minecraft:glass":6,"minecraft:lava_bucket":1,"minecraft:netherite_shovel":33,"minecraft:villager_spawn_egg":3,"minecraft:red_wool":42,"minecraft:lantern":26,"minecraft:grass_block":1329,"minecraft:green_wool":38,"minecraft:dark_oak_wood":237,"minecraft:dark_oak_leaves":142,"minecraft:dark_oak_slab":373,"minecraft:mossy_cobblestone_slab":326,"minecraft:tropical_fish_spawn_egg":6,"minecraft:dark_oak_button":53,"minecraft:stone_brick_stairs":226,"minecraft:stone_bricks":11375,"minecraft:item_frame":127,"minecraft:golden_sword":2,"minecraft:birch_trapdoor":1,"minecraft:red_carpet":31,"minecraft:repeater":230,"minecraft:redstone_lamp":132,"minecraft:infested_mossy_stone_bricks":39,"minecraft:bow":4,"minecraft:hay_block":1,"minecraft:sweet_berries":1,"minecraft:furnace":20,"minecraft:oak_sapling":12,"minecraft:beetroot_seeds":6,"minecraft:gold_block":9,"minecraft:egg":36,"minecraft:potato":7,"minecraft:pearlescent_froglight":2,"minecraft:seagrass":9,"minecraft:short_grass":48,"minecraft:chiseled_polished_blackstone":5,"minecraft:dark_oak_stairs":87,"minecraft:mossy_stone_bricks":862,"minecraft:end_rod":4,"minecraft:cow_spawn_egg":1,"minecraft:dropper":1,"minecraft:infested_stone":95,"minecraft:dark_oak_sign":54,"minecraft:stone_pickaxe":268,"minecraft:jungle_fence":3,"minecraft:blackstone":84,"minecraft:ender_pearl":4,"minecraft:wooden_pickaxe":289,"minecraft:mossy_stone_brick_stairs":9,"minecraft:redstone_block":47,"minecraft:structure_void":19,"minecraft:calibrated_sculk_sensor":7,"minecraft:oak_leaves":34,"minecraft:white_wool":188,"minecraft:dark_oak_trapdoor":43,"minecraft:golden_hoe":29,"minecraft:sand":17,"minecraft:loom":3,"minecraft:blast_furnace":1,"minecraft:crossbow":1,"minecraft:ochre_froglight":1,"minecraft:note_block":11,"minecraft:stone_brick_wall":11,"minecraft:redstone_torch":76,"minecraft:black_terracotta":1,"minecraft:sticky_piston":69,"minecraft:lever":127,"minecraft:black_concrete":132,"minecraft:crying_obsidian":140,"minecraft:daylight_detector":131,"minecraft:mace":32,"minecraft:dark_oak_log":35,"minecraft:heavy_weighted_pressure_plate":9,"minecraft:string":6,"minecraft:barrier":17,"minecraft:stone_button":12,"minecraft:lectern":3,"minecraft:diamond_sword":152,"minecraft:wooden_sword":77,"minecraft:smithing_table":11,"minecraft:dark_oak_fence":151,"minecraft:white_stained_glass":79,"minecraft:mossy_cobblestone_wall":32,"minecraft:tropical_fish_bucket":2,"minecraft:coarse_dirt":81,"minecraft:bone_meal":113,"minecraft:waxed_copper_bulb":2,"minecraft:golden_pickaxe":57,"minecraft:cobweb":2,"minecraft:trial_spawner":12,"minecraft:oak_trapdoor":1,"minecraft:trident":7,"minecraft:netherite_sword":161,"minecraft:polished_blackstone_brick_slab":121,"minecraft:enchanting_table":1,"minecraft:iron_bars":4,"minecraft:stone_sword":20,"minecraft:acacia_log":2,"minecraft:dead_tube_coral_block":312,"minecraft:flint_and_steel":2,"minecraft:carved_pumpkin":2,"minecraft:red_concrete":6,"minecraft:armor_stand":1,"minecraft:stone_shovel":17,"minecraft:redstone":699,"minecraft:pufferfish_spawn_egg":1,"minecraft:spruce_planks":1,"minecraft:tinted_glass":26,"minecraft:sculk":6,"minecraft:oak_door":9,"minecraft:orange_bed":2,"minecraft:torch":4,"minecraft:light_gray_shulker_box":17,"minecraft:brewing_stand":8,"minecraft:dirt":806,"minecraft:anvil":7,"minecraft:hopper":9,"minecraft:cobblestone_wall":147,"minecraft:stone_stairs":9,"minecraft:oak_wood":35,"minecraft:dead_brain_coral_block":535,"minecraft:polished_diorite":1,"minecraft:andesite_wall":32,"minecraft:wooden_axe":134,"minecraft:stone_brick_slab":1062,"minecraft:ravager_spawn_egg":4,"minecraft:dark_oak_planks":361,"minecraft:light_gray_stained_glass":10,"minecraft:light_weighted_pressure_plate":7,"minecraft:iron_block":96,"minecraft:iron_axe":41,"minecraft:slime_block":49,"minecraft:spawner":10,"minecraft:chicken_spawn_egg":45,"minecraft:barrel":8,"minecraft:basalt":81,"minecraft:glowstone":3,"minecraft:black_stained_glass":59,"minecraft:iron_trapdoor":12,"minecraft:dark_oak_pressure_plate":23,"minecraft:salmon_spawn_egg":1,"minecraft:trapped_chest":5,"minecraft:stone_pressure_plate":28,"minecraft:red_dye":1,"minecraft:zombified_piglin_spawn_egg":11,"minecraft:observer":92,"minecraft:mossy_stone_brick_wall":2,"minecraft:wheat_seeds":8,"minecraft:water_bucket":49,"minecraft:iron_ore":50,"minecraft:cobblestone_stairs":7,"minecraft:dark_oak_hanging_sign":1,"minecraft:glass_bottle":14,"minecraft:polished_andesite":22,"minecraft:cartography_table":1,"minecraft:bubble_coral_fan":3,"minecraft:spruce_sign":1,"minecraft:white_dye":5,"minecraft:stonecutter":1,"minecraft:fletching_table":1,"minecraft:sheep_spawn_egg":64,"minecraft:glow_ink_sac":1,"minecraft:cobblestone_slab":1624,"minecraft:gold_ore":17,"minecraft:polished_blackstone_bricks":175,"minecraft:cracked_stone_bricks":107,"minecraft:gilded_blackstone":11,"minecraft:glow_item_frame":2,"minecraft:comparator":31,"minecraft:oak_slab":44,"minecraft:tnt":4,"minecraft:crafting_table":32,"minecraft:birch_sign":4,"minecraft:sculk_shrieker":2,"minecraft:fire_coral":1,"minecraft:smoker":1,"minecraft:oak_log":23,"minecraft:piston":13,"minecraft:ender_eye":110,"minecraft:flower_pot":4,"minecraft:light":29,"minecraft:cornflower":4,"minecraft:command_block":205,"minecraft:mangrove_propagule":1,"minecraft:pig_spawn_egg":21,"minecraft:map":6,"minecraft:detector_rail":2,"minecraft:stone_slab":72,"minecraft:spruce_sapling":20,"minecraft:stone_axe":30,"minecraft:green_carpet":11,"minecraft:chiseled_stone_bricks":119,"minecraft:cod_spawn_egg":2,"minecraft:cobblestone":76,"minecraft:potion":1,"minecraft:red_banner":5,"minecraft:chain_command_block":41,"minecraft:glass_pane":35,"minecraft:magenta_glazed_terracotta":24,"minecraft:repeating_command_block":163,"minecraft:wither_rose":1,"minecraft:kelp":8,"minecraft:dandelion":3,"minecraft:splash_potion":1,"minecraft:sculk_catalyst":4,"minecraft:smooth_stone":152,"minecraft:pillager_spawn_egg":1},"minecraft:picked_up":{"minecraft:wooden_axe":150,"minecraft:redstone_block":4,"minecraft:light_gray_shulker_box":2,"minecraft:lead":1,"minecraft:wither_rose":42,"minecraft:potion":4,"minecraft:knowledge_book":18,"minecraft:string":2,"minecraft:smooth_stone":57,"minecraft:comparator":1,"minecraft:light_weighted_pressure_plate":1,"minecraft:trial_key":1,"minecraft:redstone_torch":2,"minecraft:ender_eye":179,"minecraft:furnace":2,"minecraft:stick":63,"minecraft:torch":2,"minecraft:porkchop":44,"minecraft:golden_axe":1,"minecraft:golden_chestplate":1,"minecraft:gray_stained_glass_pane":11,"minecraft:rotten_flesh":10,"minecraft:command_block":63,"minecraft:tropical_fish":9,"minecraft:blaze_rod":74,"minecraft:obsidian":35,"minecraft:blaze_powder":1,"minecraft:cobblestone":381,"minecraft:feather":58,"minecraft:repeater":7,"minecraft:map":4,"minecraft:stripped_birch_log":1,"minecraft:dirt":373,"minecraft:lantern":8,"minecraft:glass":1,"minecraft:dark_oak_sign":4,"minecraft:oak_planks":16,"minecraft:debug_stick":2,"minecraft:cooked_porkchop":3,"minecraft:sand":2,"minecraft:grass_block":2,"minecraft:lever":11,"minecraft:crossbow":6,"minecraft:bone_meal":1,"minecraft:oak_sapling":35,"minecraft:dark_oak_fence":35,"minecraft:charcoal":1,"minecraft:crafting_table":2,"minecraft:coarse_dirt":12,"minecraft:chicken":65,"minecraft:dragon_breath":143,"minecraft:wooden_sword":4,"minecraft:item_frame":1835,"minecraft:beef":67,"minecraft:poppy":5,"minecraft:chest":1,"minecraft:egg":4,"minecraft:raw_iron":33,"minecraft:stone":16,"minecraft:note_block":1,"minecraft:mace":1,"minecraft:stone_button":2,"minecraft:carrot":64,"minecraft:redstone":33,"minecraft:stone_pressure_plate":2,"minecraft:saddle":6,"minecraft:gold_ingot":1719,"minecraft:mutton":12,"minecraft:white_wool":9,"minecraft:clock":2,"minecraft:dark_oak_button":8,"minecraft:tripwire_hook":129,"minecraft:salmon":2,"minecraft:leather":36,"minecraft:carrot_on_a_stick":25,"minecraft:birch_planks":1,"minecraft:filled_map":1,"minecraft:oak_log":131,"minecraft:golden_boots":1,"minecraft:gunpowder":2,"minecraft:apple":9,"minecraft:stone_bricks":8,"minecraft:iron_ingot":19,"minecraft:oak_fence_gate":1,"minecraft:stone_pickaxe":1,"minecraft:iron_ore":192,"minecraft:glass_bottle":4,"minecraft:sculk_catalyst":1,"minecraft:chain_command_block":1,"minecraft:emerald_block":6,"minecraft:sweet_berries":11,"minecraft:daylight_detector":1,"minecraft:crying_obsidian":1,"minecraft:dark_oak_fence_gate":2,"minecraft:dragon_egg":10,"minecraft:slime_ball":16,"minecraft:polished_diorite":1,"minecraft:birch_sign":1,"minecraft:hopper":1,"minecraft:ender_pearl":1},"minecraft:custom":{"minecraft:animals_bred":1,"minecraft:interact_with_crafting_table":145,"minecraft:open_barrel":37,"minecraft:open_shulker_box":347,"minecraft:bell_ring":111,"minecraft:leave_game":113,"minecraft:time_since_death":530,"minecraft:damage_resisted":25615,"minecraft:sprint_one_cm":4448668,"minecraft:drop":325,"minecraft:talked_to_villager":236,"minecraft:play_time":5195705,"minecraft:deaths":22,"minecraft:jump":26623,"minecraft:interact_with_brewingstand":29,"minecraft:walk_on_water_one_cm":58971,"minecraft:interact_with_furnace":113,"minecraft:traded_with_villager":33,"minecraft:interact_with_loom":10,"minecraft:sleep_in_bed":1,"minecraft:damage_dealt":47255,"minecraft:crouch_one_cm":197173,"minecraft:horse_one_cm":6189,"minecraft:interact_with_smithing_table":13,"minecraft:interact_with_anvil":5,"minecraft:mob_kills":324,"minecraft:inspect_hopper":126,"minecraft:climb_one_cm":14861,"minecraft:walk_one_cm":8053164,"minecraft:sneak_time":119272,"minecraft:walk_under_water_one_cm":213904,"minecraft:interact_with_blast_furnace":1,"minecraft:total_world_time":3125395,"minecraft:tune_noteblock":3,"minecraft:pot_flower":8,"minecraft:interact_with_stonecutter":1,"minecraft:time_since_rest":563,"minecraft:damage_taken":6830,"minecraft:trigger_trapped_chest":221,"minecraft:swim_one_cm":22263,"minecraft:fly_one_cm":31263630,"minecraft:open_chest":389,"minecraft:fall_one_cm":197516},"minecraft:mined":{"minecraft:oak_sapling":3,"minecraft:smooth_stone":57,"minecraft:iron_ore":226,"minecraft:glass":1,"minecraft:oak_log":144,"minecraft:oak_leaves":15,"minecraft:dark_oak_fence":42,"minecraft:furnace":2,"minecraft:stone":329,"minecraft:crafting_table":2,"minecraft:coarse_dirt":12,"minecraft:infested_stone":7},"minecraft:dropped":{"minecraft:daylight_detector":1,"minecraft:repeating_command_block":1,"minecraft:birch_planks":1,"minecraft:porkchop":268,"minecraft:oak_log":3,"minecraft:glass_bottle":6,"minecraft:ender_pearl":1,"minecraft:crafting_table":1,"minecraft:cooked_porkchop":3,"minecraft:carrot_on_a_stick":2,"minecraft:dragon_breath":65,"minecraft:structure_void":1,"minecraft:item_frame":49,"minecraft:light_weighted_pressure_plate":1,"minecraft:dirt":1,"minecraft:mace":1,"minecraft:dark_oak_fence":3,"minecraft:dark_oak_wood":1,"minecraft:gold_nugget":18,"minecraft:gold_ingot":66,"minecraft:note_block":1,"minecraft:stone_axe":1,"minecraft:emerald_block":7,"minecraft:obsidian":11,"minecraft:rotten_flesh":16,"minecraft:oak_planks":12,"minecraft:blaze_powder":1,"minecraft:dark_oak_fence_gate":3,"minecraft:chiseled_stone_bricks":1,"minecraft:oak_fence_gate":1,"minecraft:hopper":1,"minecraft:glass":1,"minecraft:crying_obsidian":1,"minecraft:stone_brick_stairs":1,"minecraft:iron_ingot":8,"minecraft:gray_stained_glass_pane":11,"minecraft:clock":2,"minecraft:knowledge_book":3,"minecraft:cobblestone":1,"minecraft:apple":2,"minecraft:command_block":63,"minecraft:tropical_fish":1,"minecraft:grass_block":2,"minecraft:stick":20,"minecraft:repeater":1,"minecraft:wooden_axe":2,"minecraft:map":7,"minecraft:potion":2,"minecraft:stripped_birch_log":1,"minecraft:wither_rose":42,"minecraft:smooth_stone":4,"minecraft:paper":8,"minecraft:string":3,"minecraft:tripwire_hook":189,"minecraft:redstone_block":4,"minecraft:redstone":3,"minecraft:polished_diorite":1,"minecraft:furnace":2,"minecraft:sweet_berries":7,"minecraft:coarse_dirt":1,"minecraft:blaze_rod":195,"minecraft:dark_oak_sign":1,"minecraft:stone_shovel":1,"minecraft:ender_eye":99,"minecraft:debug_stick":2,"minecraft:filled_map":3,"minecraft:trial_key":1,"minecraft:dragon_egg":2,"minecraft:oak_sapling":11,"minecraft:stone_pressure_plate":1,"minecraft:stone_bricks":4,"minecraft:barrel":2,"minecraft:stone_pickaxe":2,"minecraft:wooden_pickaxe":1}},"DataVersion":3955}