{"stats":{"minecraft:custom":{"minecraft:interact_with_furnace":15,"minecraft:inspect_dropper":2,"minecraft:inspect_hopper":2,"minecraft:traded_with_villager":3,"minecraft:interact_with_crafting_table":22,"minecraft:open_shulker_box":4,"minecraft:leave_game":15,"minecraft:time_since_death":359713,"minecraft:climb_one_cm":414,"minecraft:time_since_rest":359713,"minecraft:sprint_one_cm":308250,"minecraft:damage_taken":855,"minecraft:walk_one_cm":384206,"minecraft:trigger_trapped_chest":12,"minecraft:drop":33,"minecraft:swim_one_cm":1460,"minecraft:talked_to_villager":11,"minecraft:fly_one_cm":1193521,"minecraft:open_chest":20,"minecraft:crouch_one_cm":10859,"minecraft:play_time":359713,"minecraft:sneak_time":6504,"minecraft:walk_under_water_one_cm":4494,"minecraft:jump":1523,"minecraft:walk_on_water_one_cm":2579,"minecraft:total_world_time":222475,"minecraft:fall_one_cm":13982},"minecraft:picked_up":{"minecraft:wooden_axe":47,"minecraft:coarse_dirt":2,"minecraft:filled_map":1,"minecraft:conduit":1,"minecraft:knowledge_book":1,"minecraft:oak_log":39,"minecraft:map":1,"minecraft:item_frame":1,"minecraft:redstone_torch":3,"minecraft:ender_eye":1,"minecraft:raw_iron":114,"minecraft:sweet_berries":3,"minecraft:redstone":4,"minecraft:crossbow":1,"minecraft:gold_ingot":1,"minecraft:dark_oak_fence":6,"minecraft:cobblestone":95},"minecraft:mined":{"minecraft:dark_oak_fence":6,"minecraft:coarse_dirt":2,"minecraft:iron_ore":114,"minecraft:oak_log":39,"minecraft:stone":95,"minecraft:oak_leaves":6},"minecraft:crafted":{"minecraft:smooth_stone":8,"minecraft:oak_planks":84,"minecraft:stone_shovel":1,"minecraft:crafting_table":1,"minecraft:wooden_pickaxe":1,"minecraft:furnace":2,"minecraft:golden_pickaxe":1,"minecraft:conduit":1,"minecraft:stone":8,"minecraft:knowledge_book":1,"minecraft:air":0,"minecraft:iron_axe":4,"minecraft:stick":20,"minecraft:iron_ingot":15,"minecraft:iron_pickaxe":1,"minecraft:stone_pickaxe":1,"minecraft:ender_eye":1},"minecraft:broken":{"minecraft:iron_axe":3,"minecraft:wooden_axe":31},"minecraft:used":{"minecraft:mossy_stone_bricks":163,"minecraft:polished_blackstone_brick_slab":18,"minecraft:dead_tube_coral_block":36,"minecraft:dropper":3,"minecraft:dark_oak_sign":1,"minecraft:stone_pickaxe":157,"minecraft:dead_horn_coral_block":15,"minecraft:polished_blackstone":10,"minecraft:stone_shovel":2,"minecraft:redstone":71,"minecraft:wooden_pickaxe":21,"minecraft:stone":4,"minecraft:redstone_block":10,"minecraft:polished_blackstone_bricks":96,"minecraft:dirt":342,"minecraft:comparator":1,"minecraft:crafting_table":3,"minecraft:dead_brain_coral_block":95,"minecraft:redstone_torch":10,"minecraft:sticky_piston":20,"minecraft:ender_eye":2,"minecraft:stone_brick_slab":7,"minecraft:piston":6,"minecraft:wooden_axe":31,"minecraft:lever":10,"minecraft:command_block":4,"minecraft:cracked_polished_blackstone_bricks":2,"minecraft:iron_axe":20,"minecraft:grass_block":49,"minecraft:string":4,"minecraft:map":2,"minecraft:iron_pickaxe":29,"minecraft:stone_button":2,"minecraft:polished_blackstone_brick_wall":13,"minecraft:dark_oak_leaves":16,"minecraft:polished_blackstone_brick_stairs":38,"minecraft:dark_oak_button":6,"minecraft:stone_bricks":1110,"minecraft:chiseled_stone_bricks":41,"minecraft:repeater":12,"minecraft:furnace":2,"minecraft:coarse_dirt":1,"minecraft:observer":21,"minecraft:golden_pickaxe":2,"minecraft:dark_oak_sapling":4},"minecraft:dropped":{"minecraft:iron_ingot":3,"minecraft:sweet_berries":3,"minecraft:coarse_dirt":1,"minecraft:glass_bottle":1,"minecraft:raw_iron":6,"minecraft:cobblestone":1,"minecraft:dark_oak_fence_gate":1,"minecraft:carrot_on_a_stick":1,"minecraft:item_frame":1,"minecraft:stick":3,"minecraft:dark_oak_fence":6,"minecraft:wooden_axe":16,"minecraft:map":1,"minecraft:wooden_pickaxe":1,"minecraft:string":1,"minecraft:tripwire_hook":1,"minecraft:gold_ingot":1}},"DataVersion":3955}