{"stats":{"minecraft:custom":{"minecraft:interact_with_smithing_table":1,"minecraft:interact_with_furnace":26,"minecraft:mob_kills":8,"minecraft:inspect_hopper":9,"minecraft:traded_with_villager":17,"minecraft:interact_with_crafting_table":29,"minecraft:open_barrel":3,"minecraft:interact_with_loom":2,"minecraft:open_shulker_box":34,"minecraft:pot_flower":3,"minecraft:leave_game":2,"minecraft:time_since_death":43005,"minecraft:climb_one_cm":55,"minecraft:damage_resisted":24069,"minecraft:time_since_rest":43033,"minecraft:sprint_one_cm":330308,"minecraft:damage_taken":4339,"minecraft:walk_one_cm":591441,"minecraft:trigger_trapped_chest":19,"minecraft:drop":378,"minecraft:damage_dealt":2296,"minecraft:talked_to_villager":32,"minecraft:fly_one_cm":799640,"minecraft:open_chest":36,"minecraft:crouch_one_cm":19984,"minecraft:play_time":222068,"minecraft:deaths":6,"minecraft:sneak_time":9300,"minecraft:walk_under_water_one_cm":12006,"minecraft:jump":1637,"minecraft:interact_with_brewingstand":12,"minecraft:interact_with_blast_furnace":4,"minecraft:walk_on_water_one_cm":9707,"minecraft:interact_with_smoker":3,"minecraft:total_world_time":222068,"minecraft:fall_one_cm":50011},"minecraft:picked_up":{"minecraft:wooden_axe":20,"minecraft:coarse_dirt":1,"minecraft:feather":4,"minecraft:chicken":2,"minecraft:tripwire_hook":3,"minecraft:wither_rose":80,"minecraft:potion":1,"minecraft:conduit":2,"minecraft:knowledge_book":6,"minecraft:oak_log":15,"minecraft:dragon_breath":1,"minecraft:map":1,"minecraft:string":1,"minecraft:moss_carpet":3,"minecraft:apple":1,"minecraft:smooth_stone":36,"minecraft:iron_ingot":8,"minecraft:trial_key":2,"minecraft:ender_eye":3,"minecraft:glass_bottle":3,"minecraft:iron_sword":1,"minecraft:sculk_catalyst":1,"minecraft:stick":8,"minecraft:raw_iron":175,"minecraft:emerald_block":1,"minecraft:cooked_porkchop":16,"minecraft:sweet_berries":7,"minecraft:porkchop":8,"minecraft:dragon_egg":1,"minecraft:crossbow":4,"minecraft:gold_ingot":2,"minecraft:dark_oak_fence":8,"minecraft:blaze_rod":1,"minecraft:obsidian":35,"minecraft:blaze_powder":9,"minecraft:cobblestone":172},"minecraft:mined":{"minecraft:sculk_vein":2,"minecraft:dark_oak_fence":12,"minecraft:structure_void":1,"minecraft:sculk":23,"minecraft:coarse_dirt":1,"minecraft:oak_log":12,"minecraft:oak_leaves":2},"minecraft:crafted":{"minecraft:oak_planks":60,"minecraft:stone_shovel":1,"minecraft:cooked_porkchop":8,"minecraft:crafting_table":1,"minecraft:wooden_pickaxe":1,"minecraft:blaze_powder":2,"minecraft:iron_helmet":1,"minecraft:iron_sword":1,"minecraft:furnace":1,"minecraft:golden_pickaxe":1,"minecraft:conduit":2,"minecraft:stone_axe":2,"minecraft:knowledge_book":14,"minecraft:air":0,"minecraft:iron_boots":1,"minecraft:iron_chestplate":1,"minecraft:iron_axe":12,"minecraft:stick":32,"minecraft:iron_ingot":65,"minecraft:stone_pickaxe":1,"minecraft:iron_shovel":1,"minecraft:iron_leggings":1,"minecraft:ender_eye":2,"minecraft:crying_obsidian":1},"minecraft:killed_by":{"minecraft:husk":2,"minecraft:endermite":1},"minecraft:broken":{"minecraft:iron_axe":12,"minecraft:wooden_axe":14},"minecraft:killed":{"minecraft:pig":3,"minecraft:chicken":3},"minecraft:used":{"minecraft:water_bucket":3,"minecraft:cherry_sapling":1,"minecraft:end_rod":1,"minecraft:glass_bottle":5,"minecraft:carrot_on_a_stick":36,"minecraft:stone_shovel":1,"minecraft:iron_sword":17,"minecraft:structure_void":4,"minecraft:polished_blackstone_bricks":2,"minecraft:dirt":4,"minecraft:crafting_table":1,"minecraft:obsidian":3,"minecraft:ender_eye":2,"minecraft:wooden_axe":14,"minecraft:mace":39,"minecraft:crying_obsidian":16,"minecraft:command_block":1,"minecraft:iron_axe":12,"minecraft:mangrove_propagule":10,"minecraft:barrier":11,"minecraft:suspicious_stew":7,"minecraft:stone_bricks":4,"minecraft:basalt":2,"minecraft:potion":5,"minecraft:fire_charge":1,"minecraft:wooden_sword":19,"minecraft:cobblestone":1,"minecraft:black_stained_glass":3,"minecraft:mangrove_roots":35,"minecraft:furnace":1,"minecraft:bucket":3,"minecraft:sculk_catalyst":1,"minecraft:golden_pickaxe":5},"minecraft:dropped":{"minecraft:water_bucket":1,"minecraft:iron_sword":1,"minecraft:moss_carpet":3,"minecraft:sweet_berries":2,"minecraft:glass_bottle":5,"minecraft:polished_blackstone":1,"minecraft:cooked_porkchop":19,"minecraft:obsidian":206,"minecraft:chicken":2,"minecraft:feather":2,"minecraft:knowledge_book":10,"minecraft:blaze_powder":10,"minecraft:dark_oak_fence_gate":2,"minecraft:stick":2,"minecraft:mace":1,"minecraft:trial_key":3,"minecraft:conduit":1,"minecraft:wooden_axe":3,"minecraft:mossy_stone_bricks":1,"minecraft:wither_rose":94,"minecraft:basalt":1,"minecraft:polished_blackstone_bricks":1,"minecraft:crying_obsidian":1,"minecraft:string":3,"minecraft:bucket":1,"minecraft:gold_ingot":2}},"DataVersion":3955}