{
  "type": "minecraft:smithing_transform",
  "category": "blocks",
  "template": {
    "item": "minecraft:obsidian"
  },
  "base": {
    "item": "minecraft:dragon_egg"
  },
  "addition": {
    "item": "minecraft:dragon_breath"
  },
  "result": {
    "id": "minecraft:crying_obsidian",
    "count": 1,
    "components": {
      "minecraft:custom_name": "{\"text\":\"Dragonstone\",\"color\":\"dark_purple\",\"italic\":false}",
      "minecraft:can_place_on": {
        "blocks": "minecraft:chiseled_polished_blackstone"
      }
    }
  }
}
