{"stats":{"minecraft:broken":{"minecraft:iron_axe":30,"minecraft:wooden_axe":80},"minecraft:picked_up":{"minecraft:wooden_axe":89,"minecraft:crafting_table":2,"minecraft:coarse_dirt":9,"minecraft:redstone_block":1,"minecraft:chicken":57,"minecraft:light_gray_shulker_box":2,"minecraft:lead":1,"minecraft:potion":3,"minecraft:knowledge_book":16,"minecraft:string":2,"minecraft:item_frame":1824,"minecraft:smooth_stone":57,"minecraft:light_weighted_pressure_plate":1,"minecraft:beef":67,"minecraft:redstone_torch":2,"minecraft:ender_eye":65,"minecraft:poppy":4,"minecraft:chest":1,"minecraft:furnace":2,"minecraft:egg":4,"minecraft:stick":47,"minecraft:note_block":1,"minecraft:porkchop":30,"minecraft:stone_button":1,"minecraft:carrot":64,"minecraft:redstone":33,"minecraft:stone_pressure_plate":2,"minecraft:command_block":63,"minecraft:rotten_flesh":10,"minecraft:saddle":6,"minecraft:gold_ingot":1718,"minecraft:blaze_rod":70,"minecraft:mutton":12,"minecraft:white_wool":9,"minecraft:cobblestone":214,"minecraft:clock":2,"minecraft:feather":51,"minecraft:dark_oak_button":8,"minecraft:repeater":6,"minecraft:tripwire_hook":129,"minecraft:leather":34,"minecraft:carrot_on_a_stick":25,"minecraft:filled_map":1,"minecraft:birch_planks":1,"minecraft:oak_log":93,"minecraft:stripped_birch_log":1,"minecraft:map":4,"minecraft:dirt":106,"minecraft:lantern":6,"minecraft:glass":1,"minecraft:apple":6,"minecraft:stone_bricks":3,"minecraft:iron_ingot":15,"minecraft:oak_fence_gate":1,"minecraft:stone_pickaxe":1,"minecraft:dark_oak_sign":1,"minecraft:iron_ore":183,"minecraft:glass_bottle":2,"minecraft:oak_planks":16,"minecraft:debug_stick":2,"minecraft:chain_command_block":1,"minecraft:emerald_block":6,"minecraft:sweet_berries":4,"minecraft:daylight_detector":1,"minecraft:sand":2,"minecraft:grass_block":1,"minecraft:dark_oak_fence_gate":2,"minecraft:slime_ball":13,"minecraft:polished_diorite":1,"minecraft:lever":7,"minecraft:crossbow":1,"minecraft:oak_sapling":35,"minecraft:dark_oak_fence":27,"minecraft:hopper":1},"minecraft:mined":{"minecraft:oak_sapling":3,"minecraft:dark_oak_fence":31,"minecraft:smooth_stone":57,"minecraft:furnace":2,"minecraft:iron_ore":183,"minecraft:stone":214,"minecraft:crafting_table":2,"minecraft:glass":1,"minecraft:coarse_dirt":9,"minecraft:oak_log":104,"minecraft:oak_leaves":13,"minecraft:infested_stone":7},"minecraft:used":{"minecraft:iron_bars":4,"minecraft:dead_horn_coral_block":427,"minecraft:dead_tube_coral_block":312,"minecraft:oak_trapdoor":1,"minecraft:stone_sword":9,"minecraft:dispenser":2,"minecraft:nether_brick_fence":7,"minecraft:enchanting_table":1,"minecraft:light_gray_stained_glass_pane":1,"minecraft:flint_and_steel":2,"minecraft:carrot_on_a_stick":4,"minecraft:carved_pumpkin":2,"minecraft:red_concrete":6,"minecraft:stone_shovel":14,"minecraft:redstone":629,"minecraft:ladder":7,"minecraft:poppy":1,"minecraft:spruce_planks":1,"minecraft:chest":41,"minecraft:stone":647,"minecraft:bubble_coral":3,"minecraft:bell":2,"minecraft:grass":48,"minecraft:mossy_stone_brick_slab":31,"minecraft:player_head":4,"minecraft:debug_stick":249,"minecraft:orange_bed":2,"minecraft:oak_door":1,"minecraft:torch":2,"minecraft:light_gray_shulker_box":17,"minecraft:mooshroom_spawn_egg":14,"minecraft:brewing_stand":8,"minecraft:dirt":45,"minecraft:soul_sand":3,"minecraft:anvil":2,"minecraft:hopper":5,"minecraft:cobblestone_wall":132,"minecraft:oak_wood":29,"minecraft:stone_stairs":8,"minecraft:dead_brain_coral_block":535,"minecraft:obsidian":101,"minecraft:andesite_wall":32,"minecraft:dark_oak_planks":347,"minecraft:glass":6,"minecraft:ravager_spawn_egg":4,"minecraft:stone_brick_slab":999,"minecraft:wooden_axe":92,"minecraft:lava_bucket":1,"minecraft:light_gray_stained_glass":7,"minecraft:villager_spawn_egg":3,"minecraft:light_weighted_pressure_plate":6,"minecraft:iron_axe":30,"minecraft:red_wool":42,"minecraft:iron_block":96,"minecraft:lantern":26,"minecraft:grass_block":1161,"minecraft:slime_block":49,"minecraft:green_wool":38,"minecraft:spawner":10,"minecraft:chicken_spawn_egg":45,"minecraft:dark_oak_wood":234,"minecraft:dark_oak_leaves":142,"minecraft:mossy_cobblestone_slab":320,"minecraft:dark_oak_slab":370,"minecraft:tropical_fish_spawn_egg":6,"minecraft:dark_oak_button":42,"minecraft:barrel":1,"minecraft:stone_brick_stairs":188,"minecraft:stone_bricks":9861,"minecraft:item_frame":105,"minecraft:repeater":192,"minecraft:golden_sword":2,"minecraft:red_carpet":31,"minecraft:birch_trapdoor":1,"minecraft:glowstone":3,"minecraft:infested_mossy_stone_bricks":39,"minecraft:redstone_lamp":129,"minecraft:bow":4,"minecraft:hay_block":1,"minecraft:sweet_berries":1,"minecraft:iron_trapdoor":12,"minecraft:oak_sapling":12,"minecraft:dark_oak_pressure_plate":23,"minecraft:salmon_spawn_egg":1,"minecraft:furnace":11,"minecraft:gold_block":9,"minecraft:egg":36,"minecraft:trapped_chest":5,"minecraft:stone_pressure_plate":26,"minecraft:mossy_stone_brick_wall":2,"minecraft:observer":77,"minecraft:seagrass":9,"minecraft:water_bucket":38,"minecraft:dark_oak_stairs":87,"minecraft:mossy_stone_bricks":825,"minecraft:cow_spawn_egg":1,"minecraft:iron_ore":50,"minecraft:cobblestone_stairs":6,"minecraft:dropper":1,"minecraft:stone_pickaxe":185,"minecraft:polished_andesite":22,"minecraft:infested_stone":15,"minecraft:dark_oak_sign":35,"minecraft:cartography_table":1,"minecraft:bubble_coral_fan":3,"minecraft:spruce_sign":1,"minecraft:wooden_pickaxe":214,"minecraft:mossy_stone_brick_stairs":9,"minecraft:cobblestone_slab":1578,"minecraft:redstone_block":38,"minecraft:fletching_table":1,"minecraft:sheep_spawn_egg":64,"minecraft:structure_void":18,"minecraft:stonecutter":1,"minecraft:gold_ore":17,"minecraft:cracked_stone_bricks":89,"minecraft:oak_leaves":34,"minecraft:dark_oak_trapdoor":43,"minecraft:sand":17,"minecraft:comparator":23,"minecraft:tnt":4,"minecraft:crafting_table":17,"minecraft:loom":3,"minecraft:crossbow":1,"minecraft:fire_coral":1,"minecraft:note_block":11,"minecraft:stone_brick_wall":11,"minecraft:redstone_torch":71,"minecraft:oak_log":6,"minecraft:sticky_piston":69,"minecraft:piston":6,"minecraft:flower_pot":3,"minecraft:lever":94,"minecraft:black_concrete":49,"minecraft:cornflower":4,"minecraft:daylight_detector":128,"minecraft:dark_oak_log":34,"minecraft:command_block":153,"minecraft:heavy_weighted_pressure_plate":9,"minecraft:stone_button":10,"minecraft:string":5,"minecraft:map":4,"minecraft:barrier":7,"minecraft:pig_spawn_egg":20,"minecraft:lectern":3,"minecraft:stone_slab":70,"minecraft:spruce_sapling":4,"minecraft:stone_axe":28,"minecraft:chiseled_stone_bricks":116,"minecraft:green_carpet":11,"minecraft:diamond_sword":152,"minecraft:zombie_pigman_spawn_egg":11,"minecraft:cod_spawn_egg":2,"minecraft:cobblestone":55,"minecraft:dark_oak_fence":151,"minecraft:smithing_table":3,"minecraft:white_stained_glass":20,"minecraft:red_banner":5,"minecraft:chain_command_block":30,"minecraft:glass_pane":35,"minecraft:repeating_command_block":69,"minecraft:mossy_cobblestone_wall":32,"minecraft:dandelion":3,"minecraft:pillager_spawn_egg":1,"minecraft:kelp":8,"minecraft:pufferfish_spawn_egg":1,"minecraft:splash_potion":1,"minecraft:coarse_dirt":24,"minecraft:cobweb":2,"minecraft:bone_meal":99,"minecraft:smooth_stone":152,"minecraft:golden_pickaxe":57,"minecraft:armor_stand":1},"minecraft:killed_by":{"minecraft:ravager":1},"minecraft:killed":{"minecraft:slime":4,"minecraft:chicken":2,"minecraft:husk":13,"minecraft:pig":5,"minecraft:ravager":1,"minecraft:zombie":5,"minecraft:villager":40},"minecraft:custom":{"minecraft:mob_kills":89,"minecraft:animals_bred":1,"minecraft:inspect_hopper":76,"minecraft:interact_with_crafting_table":98,"minecraft:open_barrel":8,"minecraft:open_shulker_box":119,"minecraft:bell_ring":60,"minecraft:leave_game":73,"minecraft:time_since_death":525411,"minecraft:climb_one_cm":9475,"minecraft:sprint_one_cm":2887549,"minecraft:walk_one_cm":5168130,"minecraft:drop":160,"minecraft:talked_to_villager":167,"minecraft:deaths":5,"minecraft:sneak_time":78394,"minecraft:walk_under_water_one_cm":148659,"minecraft:jump":17709,"minecraft:interact_with_brewingstand":24,"minecraft:walk_on_water_one_cm":27124,"minecraft:interact_with_furnace":68,"minecraft:traded_with_villager":26,"minecraft:tune_noteblock":3,"minecraft:play_one_minute":3009903,"minecraft:interact_with_loom":9,"minecraft:pot_flower":7,"minecraft:time_since_rest":525437,"minecraft:damage_taken":4065,"minecraft:trigger_trapped_chest":166,"minecraft:damage_dealt":11936,"minecraft:swim_one_cm":16415,"minecraft:fly_one_cm":14786169,"minecraft:open_chest":259,"minecraft:crouch_one_cm":152743,"minecraft:fall_one_cm":54400,"minecraft:horse_one_cm":6189},"minecraft:crafted":{"minecraft:smooth_stone":24,"minecraft:oak_planks":232,"minecraft:stone_shovel":9,"minecraft:furnace":8,"minecraft:stone":24,"minecraft:iron_axe":27,"minecraft:stone_pickaxe":9,"minecraft:ender_eye":6,"minecraft:crafting_table":7,"minecraft:wooden_pickaxe":9,"minecraft:golden_pickaxe":3,"minecraft:conduit":6,"minecraft:stone_axe":3,"minecraft:knowledge_book":15,"minecraft:air":0,"minecraft:stick":140,"minecraft:iron_ingot":84,"minecraft:iron_pickaxe":1,"minecraft:stone_sword":2},"minecraft:dropped":{"minecraft:daylight_detector":1,"minecraft:repeating_command_block":1,"minecraft:birch_planks":1,"minecraft:porkchop":68,"minecraft:clock":2,"minecraft:oak_log":1,"minecraft:glass_bottle":3,"minecraft:crafting_table":1,"minecraft:knowledge_book":2,"minecraft:command_block":63,"minecraft:grass_block":1,"minecraft:carrot_on_a_stick":2,"minecraft:structure_void":1,"minecraft:item_frame":45,"minecraft:stick":13,"minecraft:light_weighted_pressure_plate":1,"minecraft:dark_oak_fence":3,"minecraft:map":6,"minecraft:potion":1,"minecraft:stripped_birch_log":1,"minecraft:smooth_stone":4,"minecraft:paper":8,"minecraft:string":3,"minecraft:tripwire_hook":189,"minecraft:redstone_block":1,"minecraft:redstone":2,"minecraft:polished_diorite":1,"minecraft:note_block":1,"minecraft:furnace":2,"minecraft:stone_axe":1,"minecraft:emerald_block":7,"minecraft:coarse_dirt":1,"minecraft:blaze_rod":126,"minecraft:stone_shovel":1,"minecraft:rotten_flesh":16,"minecraft:oak_planks":12,"minecraft:ender_eye":63,"minecraft:debug_stick":2,"minecraft:dark_oak_fence_gate":3,"minecraft:filled_map":3,"minecraft:chiseled_stone_bricks":1,"minecraft:oak_fence_gate":1,"minecraft:hopper":1,"minecraft:oak_sapling":10,"minecraft:stone_pressure_plate":1,"minecraft:stone_bricks":2,"minecraft:glass":1,"minecraft:stone_pickaxe":1,"minecraft:wooden_pickaxe":1}},"DataVersion":2230}