{"stats":{"minecraft:used":{"minecraft:stone_bricks":890,"minecraft:stone_brick_slab":7,"minecraft:chiseled_stone_bricks":41,"minecraft:sticky_piston":20,"minecraft:piston":6,"minecraft:lever":10,"minecraft:repeater":12,"minecraft:comparator":1,"minecraft:dead_tube_coral_block":36,"minecraft:dropper":3,"minecraft:command_block":4,"minecraft:crafting_table":1,"minecraft:dead_horn_coral_block":15,"minecraft:dark_oak_sign":1,"minecraft:redstone":71,"minecraft:string":4,"minecraft:stone_button":2,"minecraft:stone":4,"minecraft:redstone_block":10,"minecraft:dead_brain_coral_block":95,"minecraft:observer":21,"minecraft:dark_oak_button":6,"minecraft:redstone_torch":10},"minecraft:custom":{"minecraft:time_since_rest":78348,"minecraft:open_chest":1,"minecraft:play_one_minute":78348,"minecraft:crouch_one_cm":5773,"minecraft:sprint_one_cm":45130,"minecraft:inspect_dropper":2,"minecraft:walk_one_cm":196181,"minecraft:sneak_time":2701,"minecraft:jump":424,"minecraft:leave_game":7,"minecraft:time_since_death":78348,"minecraft:interact_with_crafting_table":5,"minecraft:talked_to_villager":1,"minecraft:fly_one_cm":279589},"minecraft:picked_up":{"minecraft:redstone_torch":3,"minecraft:redstone":4}},"DataVersion":1976}